{
  "checkpoint": "/content/drive/MyDrive/ISP_colab/cnn_pretrain_outputs/cnn_pretrained.pth",
  "checkpoint_epoch": 5,
  "checkpoint_val_loss": 0.05127153266221285,
  "split": "val",
  "eval_max_frames_per_scene": 3,
  "baseline_mode": "same-split",
  "per_scene": {
    "day": {
      "l1_y": 0.052650634199380875,
      "l1_uv": 0.017678872992595036,
      "vif": 0.3313462833563487,
      "nrqm": 6.514950434366862,
      "unique": 0.25295713047186535,
      "num_frames": 3,
      "per_scene": {
        "day": {
          "l1_y": 0.052650634199380875,
          "l1_uv": 0.017678872992595036,
          "vif": 0.3313462833563487,
          "nrqm": 6.514950434366862,
          "unique": 0.25295713047186535,
          "num_frames": 3
        }
      }
    },
    "night": {
      "l1_y": 0.022986135135094326,
      "l1_uv": 0.009227422997355461,
      "vif": 0.33926727374394733,
      "nrqm": 7.467716058095296,
      "unique": -0.36500993371009827,
      "num_frames": 3,
      "per_scene": {
        "night": {
          "l1_y": 0.022986135135094326,
          "l1_uv": 0.009227422997355461,
          "vif": 0.33926727374394733,
          "nrqm": 7.467716058095296,
          "unique": -0.36500993371009827,
          "num_frames": 3
        }
      }
    }
  },
  "baseline_per_scene": {
    "day": {
      "l1_y": 0.05074331040183703,
      "l1_uv": 0.009704776729146639,
      "vif": 0.6644381284713745,
      "nrqm": 7.347409566243489,
      "unique": 0.08212008823951085,
      "num_frames": 3,
      "per_scene": {
        "day": {
          "l1_y": 0.05074331040183703,
          "l1_uv": 0.009704776729146639,
          "vif": 0.6644381284713745,
          "nrqm": 7.347409566243489,
          "unique": 0.08212008823951085,
          "num_frames": 3
        }
      }
    },
    "night": {
      "l1_y": 0.06271522119641304,
      "l1_uv": 0.010135941207408905,
      "vif": 0.6335888504981995,
      "nrqm": 8.605769793192545,
      "unique": 0.04340278978149096,
      "num_frames": 3,
      "per_scene": {
        "night": {
          "l1_y": 0.06271522119641304,
          "l1_uv": 0.010135941207408905,
          "vif": 0.6335888504981995,
          "nrqm": 8.605769793192545,
          "unique": 0.04340278978149096,
          "num_frames": 3
        }
      }
    }
  },
  "average": {
    "vif": 0.335306778550148,
    "nrqm": 6.991333246231079,
    "unique": -0.056026401619116456,
    "l1_y": 0.0378183846672376,
    "l1_uv": 0.013453147994975248
  },
  "baseline_average": {
    "vif": 0.649013489484787,
    "nrqm": 7.976589679718018,
    "unique": 0.06276143901050091,
    "l1_y": 0.05672926579912503,
    "l1_uv": 0.009920358968277771
  },
  "checks": {
    "checkpoint_exists": true,
    "vif_above_baseline_avg": false,
    "l1_y_better_than_baseline_avg": true,
    "l1_uv_better_than_baseline_avg": false,
    "l1_y_or_l1_uv_better_than_baseline_avg": true
  }
}