{
  "variant": "baseline_isp",
  "e2e_checkpoint": null,
  "warm_checkpoint": null,
  "optuna_best_json": null,
  "device": "cuda",
  "scenes": [
    "night"
  ],
  "metric_stride": 1,
  "compute_iqa": true,
  "structural_overrides": {},
  "scene_variant_overrides": {
    "night": {
      "denoise_eps": 1e-12,
      "ltm_a": 0.3,
      "ltm_detail_gain": 8,
      "ltm_detail_threshold": 0.4,
      "sharp_amount": 0.8
    }
  },
  "scene_render": {
    "night": {
      "scene": "night",
      "output_yuv": "/content/full_video_eval_outputs/videos/night_baseline_isp.yuv",
      "render_num_frames": 1261,
      "render_seconds": 85.30655848300012,
      "render_fps": 14.7819818595928,
      "mode": "baseline_isp"
    }
  },
  "scene_metrics": {
    "night": {
      "scene": "night",
      "num_frames": 1261,
      "metric_stride": 1,
      "l1_y": 0.06511008724109414,
      "l1_uv": 0.010293544061824644,
      "vif": 0.5874524332529775,
      "nrqm": 8.177229699778424,
      "unique": -0.009011991302838031,
      "metric_seconds": 6430.1038726100005,
      "composite": 1.402171409133871
    }
  },
  "overall_metrics": {
    "num_frames": 1261,
    "l1_y": 0.06511008724109414,
    "l1_uv": 0.010293544061824644,
    "vif": 0.5874524332529775,
    "nrqm": 8.177229699778424,
    "unique": -0.009011991302838031,
    "composite": 1.402171409133871
  }
}